mae,mse,rmse,r2,model
36.698641396240404,2427.891450440188,49.273638494028305,0.46381574165571116,LinearRegression
